{"cameraMode":{"drawMode":0,"name":"Shaded","section":"Shading Mode"},"sceneLighting":true,"audioPlay":false,"sceneViewState":{"showFog":true,"showMaterialUpdate":false,"showSkybox":true,"showFlares":true,"showImageEffects":true,"showParticleSystems":true},"in2DMode":false,"pivot":{"x":0.8707641959190369,"y":-8.595330238342286,"z":10.527644157409668},"rotation":{"x":-0.35536712408065798,"y":0.004764739889651537,"z":-0.0018116931896656752,"w":-0.9347193837165833},"size":32.2857780456543,"orthographic":false}