{"cameraMode":{"drawMode":0,"name":"Shaded","section":"Shading Mode"},"sceneLighting":true,"audioPlay":false,"sceneViewState":{"showFog":true,"showMaterialUpdate":false,"showSkybox":true,"showFlares":true,"showImageEffects":true,"showParticleSystems":true},"in2DMode":false,"pivot":{"x":1.4248416423797608,"y":-0.4499397277832031,"z":5.358198165893555},"rotation":{"x":-0.2943699359893799,"y":-0.009462815709412098,"z":0.0029176673851907255,"w":-0.955647885799408},"size":52.89635467529297,"orthographic":false}